Year,Recyled Purchases,Required Compliance
2014,50.28304094,50
2013,61.50704225,50
